CARD_TEXT,NUM_PHRASES,TYPE
______ + ______ = ______.,3,BLACK
______ is a slippery slope that leads to ______.,2,BLACK
______ would be woefully incomplete without ______.,2,BLACK
______: good to the last drop.,1,BLACK
"______: kid tested, mother approved.",1,BLACK
"______: kid-tested, mother-approved.",1,BLACK
"______: Once you pop, the fun don't stop!",1,BLACK
______? Jim'll fix it!,1,BLACK
______? There's an app for that.,1,BLACK
"______? Yeah, nah.",1,BLACK
"______. Awesome in theory, kind of a mess in practice.",1,BLACK
______. Betcha can't have just one!,1,BLACK
"______. High five, bro.",1,BLACK
______. It's a trap!,1,BLACK
______. That was so metal.,1,BLACK
______. That's how I want to die.,1,BLACK
______. That's why mums go to Iceland.,1,BLACK
★✰✰✰✰ Do NOT go here! Found _____ in my Kung Pao chicken!,1,BLACK
50% of all marriages end in ______.,1,BLACK
A recent laboratory study shows that undergraduates have 50% less sex after being exposed to ______.,1,BLACK
A remarkable new study has shown that chimps have evolved their own primitive version of ______.,1,BLACK
A romantic candlelit dinner would be incomplete without ______.,1,BLACK
"A romantic, candlelit dinner would be incomplete without ______.",1,BLACK
A successful job interview begins with a firm handshake and ends with ______.,1,BLACK
"ABC presents: ""______: The Story of ______.""",2,BLACK
"After eight years in the White House, how is Obama finally letting loose?",1,BLACK
"After four platinum albums and three Grammys, it's time to get back to my roots, to what inspired me to make music in the first place: ______.",1,BLACK
"After Hurricane Katrina, Sean Penn brought ______ to all the people of New Orleans.",1,BLACK
"After Hurricane Katrina, Sean Penn brought ______ to the people of New Orleans.",1,BLACK
"After months of practice with ______, I think I’m finally ready for ______.",2,BLACK
"After the earthquake, Sean Penn brought ______ to the people of Haiti.",1,BLACK
Air Canada guidelines now prohibit ______ on airplanes.,1,BLACK
Airport security guidelines now prohibit ______ on airplanes.,1,BLACK
Alternative medicine is now embracing the curative powers of ______.,1,BLACK
And the Academy Award for ______ goes to ______.,2,BLACK
And the BAFTA for ______ goes to ______.,1,BLACK
And what did you bring for show and tell?,1,BLACK
Anthropologists have recently discovered a primitive tribe that worships ______.,1,BLACK
Arby's: We Have ______.,1,BLACK
"Are you thinking what I'm thinking, B1?

I think I am, B2: it's ______ time!",1,BLACK
"As my New Year's resolution, I vow to give up ______.",1,BLACK
"As the mom of five rambunctious boys, I'm no stranger to ______.",1,BLACK
"As the mum of five rambunctious boys, I'm no stranger to ______.",1,BLACK
Betcha can't have just one!,1,BLACK
BILLY MAYS HERE FOR ______.,1,BLACK
Bravo's new reality show features eight washed-up celebrities living with ______.,1,BLACK
"Brought to you by Bud Light®, the Official Beer of ______.",1,BLACK
"Brought to you by Molson Canadian, the Official Beer of ______.",1,BLACK
"Brought to you by XXXX Gold, the Official Beer of ______.",1,BLACK
"But before I kill you, Mr. Bond, I must show you ______.",1,BLACK
"CBC presents ""___: the Story of ___.""",1,BLACK
"Channel 4 presents ______, the story of ______.",1,BLACK
Channel 5's new reality show features eight washed-up celebrities living with ______.,1,BLACK
"Channel 9 is pleased to present its new variety show, ""Hey Hey It's ______.""",1,BLACK
Charades was ruined for me forever when my mom had to act out ______.,1,BLACK
"Check me out, yo! I call this dance move ""______.""",1,BLACK
Click Here for ______!!!,1,BLACK
"Coming this season, Samuel Beckett's classic existential play: Waiting for ______.",1,BLACK
"Coming to Broadway this season, ______: The Musical.",1,BLACK
"Coming to the West End this year, ______: The Musical.",1,BLACK
Crikey! I've never seen ______ like this before! Let's get a bit closer.,1,BLACK
"CTV presents ""______: the Story of ______.""",2,BLACK
"Daddy, why is mummy crying?",1,BLACK
"Dear Abby, I'm having some trouble with ______ and would like your advice.",1,BLACK
"Dear Agony Aunt, I'm having some trouble with ________ and I need your advice.",1,BLACK
"Dear Sir or Madam, We regret to inform you that the Office of ______ has denied your request for ______.",2,BLACK
"Doctor, you've gone too far! The human body wasn't meant to withstand that amount of ______!",1,BLACK
"Dude, do not go in that bathroom. There's ______ in there.",1,BLACK
"Dude, do not go in that washroom. There's ______ in there.",1,BLACK
"Due to a PR fiasco, Walmart no longer offers ______.",1,BLACK
"During his childhood, Salvador Dali produced hundreds of paintings of ______.",1,BLACK
"During his midlife crisis, my dad got really into ______.",1,BLACK
"During Picasso's often-overlooked Brown Period, he produced hundreds of paintings of ______.",1,BLACK
"During sex, I like to think about ______.",1,BLACK
Finally! A service that delivers ______ right to your door.,1,BLACK
"For my next trick, I will pull ______ out of ______.",2,BLACK
"Fun tip! When your man asks you to go down on him, try surprising him with ______ instead.",1,BLACK
Future historians will agree that ______ marked the beginning of America's decline.,1,BLACK
Having problems with ______? Try ______!,2,BLACK
"Here is the church
Here is the steeple
Open the doors
And there is ______.",1,BLACK
"Hey guys, welcome to Boston Pizza! Would you like to start the night off right with ______?",1,BLACK
"Hey guys, welcome to Chili's! Would you like to start the night off right with ______?",1,BLACK
"Hey guys, welcome to Sizzler! Would you like to start the night off right with ______?",1,BLACK
"Hey guys, welcome to TGIF! Would you like to start the night off right with ______?",1,BLACK
Hey Reddit! I'm ______. Ask me anything.,1,BLACK
How am I maintaining my relationship status?,1,BLACK
How did I lose my virginity?,1,BLACK
"I do not know with what weapons World War III will be fought, but World War IV will be fought with ______.",1,BLACK
I drink to forget ______.,1,BLACK
I get by with a little help from ______.,1,BLACK
I got 99 problems but ______ ain't one.,1,BLACK
"I know when that hotline bling, that can only mean one thing: ______.",1,BLACK
I learned the hard way that you can't cheer up a grieving friend with ______.,1,BLACK
I never truly understood ______ until I encountered ______.,2,BLACK
"I spent my whole life working toward ______, only to have it ruined by ______.",2,BLACK
I wish I hadn't lost the instruction manual for ______.,1,BLACK
I'm going on a cleanse this week. Nothing but kale juice and ______.,1,BLACK
"I'm Lebron James, and when I'm not slamming dunks, I love ______.",1,BLACK
"I'm no doctor, but I'm pretty sure what you're suffering from is called ""______.""",1,BLACK
"I'm sorry, Professor, but I couldn't complete my homework because of ______.",1,BLACK
"I'm sorry, Sir, but I couldn't complete my homework because of ______.",1,BLACK
I’m not like the rest of you. I’m too rich and busy for ______.,1,BLACK
"If you can't be with the one you love, love ______.",1,BLACK
"IF you like ______, YOU MIGHT BE A REDNECK.",1,BLACK
"In 1,000 years, when paper money is a distant memory, how will we pay for goods and services?",1,BLACK
"In 1,000 years, when paper money is but a distant memory, ______ will be our currency.",1,BLACK
In a world ravaged by ______ our only solace is ______.,2,BLACK
"In a world ravaged by ______, our only solace is ______.",2,BLACK
"In an attempt to reach a wider audience, the National Museum of Australia has opened an interactive exhibit on ______.",1,BLACK
"In an attempt to reach a wider audience, the Smithsonian Museum of Natural History has opened an interactive exhibit on ______.",1,BLACK
"In Australia, ______ is twice as big and twice as deadly.",1,BLACK
"In Belmarsh Prison, word is you can trade 200 cigarettes for ______.",1,BLACK
"In her latest feature-length film, Tracy Beaker struggles with ______ for the first time.",1,BLACK
"In his new self-produced album, Kanye West raps over the sounds of ______.",1,BLACK
"In his new summer comedy, Rob Schneider is ______ trapped in the body of ______.",2,BLACK
"In L.A. County Jail, word is you can trade 200 cigarettes for ______.",1,BLACK
"In M. Night Shyamalan's new movie, Bruce Willis discovers that ______ had really been ______ all along.",2,BLACK
"In Michael Jackson's final moments, he thought about ______.",1,BLACK
"In Rome, there are whisperings that the Vatican has a secret room devoted to ______.",1,BLACK
"In the new Disney Channel Original Movie, Hannah Montana struggles with ______ for the first time.",1,BLACK
"In the seventh circle of Hell, sinners must endure ______ for all eternity.",1,BLACK
"In Wormwood Scrubs, word is you can trade 200 cigarettes for ______.",1,BLACK
"Instead of coal, Father Christmas now gives the bad children ______.",1,BLACK
"Instead of coal, Santa now gives the bad children ______.",1,BLACK
Introducing the amazing superhero/sidekick duo! It's ______ and ______!,2,BLACK
"Introducing X-Treme Baseball! It's like baseball, but with ______!",1,BLACK
It's a trap!,1,BLACK
It’s a pity that kids these days are all getting involved with ______.,1,BLACK
"Just once, I'd like to hear you say ""Thanks, Mom. Thanks for ______.""",1,BLACK
"Just once, I'd like to hear you say ""Thanks, Mum. Thanks for ______.""",1,BLACK
Just saw this upsetting video! Please retweet!! #stop______,1,BLACK
"Kids, I don't need drugs to get high. I'm high on ______.",1,BLACK
Life for Aboriginal people was forever changed when the white man introduced them to ______.,1,BLACK
Life for American Indians was forever changed when the White Man introduced them to ______.,1,BLACK
Life was difficult for cavemen before ______.,1,BLACK
Lifetime® presents ______: the Story of ______.,2,BLACK
"Lifetime® presents ""______: the Story of ______.""",2,BLACK
Lovin’ you is easy ’cause you’re ______.,1,BLACK
Major League Baseball has banned ______ for giving players an unfair advantage.,1,BLACK
Make a haiku.,3,BLACK
"Mate, do not go in that bathroom. There's ______ in there.",1,BLACK
"Mate, do not go in that toilet. There's ______ in there.",1,BLACK
Maybe she's born with it. Maybe it's ______.,1,BLACK
Men's Wearhouse: You're gonna like ______. I guarantee it.,1,BLACK
Military historians remember Alexander the Great for his brilliant use of ______ against the Persians.,1,BLACK
"Money can’t buy me love, but it can buy me ______.",1,BLACK
"Mr. and Mrs. Diaz, we called you in because we're concerned about Cynthia. Are you aware that your daughter is ______?",1,BLACK
MTV's new reality show features eight washed-up celebrities living with ______.,1,BLACK
"My fellow Americans: Before this decade is out, we will have ______ on the moon!",1,BLACK
My mom freaked out when she looked at my browser history and found ______.com/______.,2,BLACK
My plan for world domination begins with ______.,2,BLACK
Next from J.K. Rowling: Harry Potter and the Chamber of ______.,1,BLACK
Next from J.K. Rowling: Harry Potter and the Chamber of ______.,1,BLACK
Next on ESPN2: The World Series of ______.,1,BLACK
Next on Eurosport: The World Championship of _______.,1,BLACK
Next on Nine's Wide World of Sports: The World Championship of ______.,1,BLACK
Next on Sky Sports: The World Championship of ________.,1,BLACK
Next on Sky Sports: The World Champsion of ________.,1,BLACK
Next on TSN: The World Series of ______.,1,BLACK
Next up on Channel 4: Ramsay's ______ Nightmares.,1,BLACK
"Nobody expects the Spanish Inquisition. Our chief weapons are fear, surprise, and ________.",1,BLACK
Now at the National Museum of Australia: an interactive exhibit on ______.,1,BLACK
Now at the Natural History Museum: an interactive exhibit on ______.,1,BLACK
Now at the Royal Ontario Museum: an interactive exhibit on ______.,1,BLACK
Now at the Smithsonian: an interactive exhibit on ______.,1,BLACK
"O Canada, we stand on guard for ______.",1,BLACK
Oi! Show us ______!,1,BLACK
Old MacDonald had ______. E-I-E-I-O.,1,BLACK
Only two things in life are certain: death and ______.,1,BLACK
Penalty! ______: that's 5 minutes in the box!,1,BLACK
Qantas now prohibits ______ on airplanes.,1,BLACK
Rumor has it that Vladimir Putin's favorite dish is ______ stuffed with ______.,2,BLACK
Science will never explain ______.,1,BLACK
"Skidamarink a dink a dink, skidamarink a doo, I love ______.",1,BLACK
"Sorry everyone, I just ______.",1,BLACK
"Step 1: ______.
Step 2: ______.
Step 3: Profit.",2,BLACK
Studies show that lab rats navigate mazes 50% faster after being exposed to ______.,1,BLACK
TFL apologizes for the delay in train service due to ______.,1,BLACK
"That's right, I killed ______. How, you ask? ______.",2,BLACK
The blind date was going horribly until we discovered our shared interest in ______.,1,BLACK
The class field trip was completely ruined by ______.,1,BLACK
"The Five Stages of Grief: denial, anger, bargaining, ______, acceptance.",1,BLACK
The healing process began when I joined a support group for victims of ______.,1,BLACK
The Natural History Museum has just opened an interactive exhibit on ________.,1,BLACK
The new Chevy Tahoe. With the power and space to take ______ everywhere you go.,1,BLACK
The school excursion was completely ruined by ______.,1,BLACK
The school field trip was completely ruined by ______.,1,BLACK
The school trip was completely ruined by ______.,1,BLACK
"The secret to a lasting marriage is communication, communication, and ______.",1,BLACK
The Smithsonian Museum of Natural History has just opened an interactive exhibit on ______.,1,BLACK
The TFL apologizes for the delay in train service due to ________. ,1,BLACK
"The theme for next year's Eurovision Song Contest is ""We are ________.""",1,BLACK
The U.S. has begun airdropping ______ to the children of Afghanistan.,1,BLACK
They said we were crazy. They said we couldn't put ______ inside of ______. They were wrong.,2,BLACK
"This is the way the world ends
This is the way the world ends
Not with a bang but with ______.",1,BLACK
This is your captain speaking. Fasten your seatbelts and prepare for ______.,1,BLACK
"This season at Steppenwolf, Samuel Beckett's classic existential play: Waitng for ______.",1,BLACK
"This season at the old Vic, Samuel Beckett's classic existential play: Waitng for ______.",1,BLACK
"This season at the Princess of Wales Theatre, Samuel Beckett's classic existential play: Waiting for ______.",1,BLACK
"This season at the Sydney Opera House, Samuel Beckett's classic existential play: Waiting for ______.",1,BLACK
"Today on Jerry Springer: ""Help! My son is ______!""",1,BLACK
"Today on Maury: ""Help! My son is ______!""",1,BLACK
"Today on The Jeremy Kyle Show: ""Help! My son is ________!""",1,BLACK
Tonight's top story: What you don't know about ________ could kill you.,1,BLACK
TSA guidelines now prohibit ______ on airplanes.,1,BLACK
Turns out that ______-Man was neither the hero we needed nor wanted.,1,BLACK
"Uh, hey guys, I know this was my idea, but I'm having serious doubts about ______.",1,BLACK
UKIP: Putting ______ First!,1,BLACK
War! What is it good for?,1,BLACK
"Well if you'll excuse me, gentlemen, I have a date with ______.",1,BLACK
What am I giving up for Lent?,1,BLACK
What are my parents hiding from me?,1,BLACK
What are school administrators using to curb rampant teenage pregnancy?,1,BLACK
What broke up the original Wiggles?,1,BLACK
What brought the orgy to a grinding halt?,1,BLACK
What did I bring back from Amsterdam?,1,BLACK
What did I bring back from Bali?,1,BLACK
What did I bring back from Mexico?,1,BLACK
What did the US airdrop to the children of Afghanistan?,1,BLACK
What did Vin Diesel eat for dinner?,1,BLACK
What do old people smell like?,1,BLACK
What does Dick Cheney prefer?,1,BLACK
What don't you want to find in your Chinese food?,1,BLACK
What don't you want to find in your doner kebab?,1,BLACK
What don't you want to find in your Kung Pao chicken?,1,BLACK
What don't you want to find in your Mongolian beef?,1,BLACK
What ended my last relationship?,1,BLACK
What gets better with age?,1,BLACK
What gives me uncontrollable gas?,1,BLACK
What has been making life difficult at the nudist colony?,1,BLACK
What helps Barack Obama unwind?,1,BLACK
What helps Obama unwind?,1,BLACK
What is Batman's guilty pleasure?,1,BLACK
What is George W. Bush thinking about right now?,1,BLACK
What kept Margaret Thatcher busy in her waning years?,1,BLACK
What left this stain on my couch?,1,BLACK
What made my first kiss so awkward?,1,BLACK
What makes life worth living?,1,BLACK
What makes me a true blue Aussie?,1,BLACK
What never fails to liven up the party?,1,BLACK
What will always get you laid?,1,BLACK
What will I bring back in time to convince people that I am a powerful wizard?,1,BLACK
"What would grandma find disturbing, yet oddly charming?",1,BLACK
What's a girl's best friend?,1,BLACK
What's my anti-drug?,1,BLACK
What's my secret power?,1,BLACK
What's Teach for America using to inspire inner city students to succeed?,1,BLACK
What's that smell?,1,BLACK
What's that sound?,1,BLACK
What's the Canadian government using to inspire rural students to succeed?,1,BLACK
What's the crustiest?,1,BLACK
What's the most emo?,1,BLACK
What's the new fad diet?,1,BLACK
What's the next Happy Meal® toy?,1,BLACK
What's the next superhero/sidekick duo?,2,BLACK
What's there a ton of in heaven?,1,BLACK
What's there a tonne of in heaven?,1,BLACK
"When all else fails, I can always masturbate to ______.",1,BLACK
"When I am a billionare, I shall erect a 20-meter statue to commemorate ______.",1,BLACK
"When I am a billionare, I shall erect a 20-metre statue to commemorate ______.",1,BLACK
"When I am a billionare, I shall erect a 50-foot statue to commemorate ______.",1,BLACK
"When I am President of the United States, I will create the Department of ______.",1,BLACK
"When I am President, I will create the Department of ______.",1,BLACK
"When I am Prime Minister of Canada, I will create the Department of ______.",1,BLACK
"When I am Prime Minister of Canada, I will create the Ministry of ______.",1,BLACK
"When I am Prime Minister of the United Kingdom, I will create the Ministry of ______.",1,BLACK
"When I am Prime Minister, I will create the Department of ______.",1,BLACK
"When I am Prime Minister, I will create the Ministry of ______.",1,BLACK
"When I pooped, what came out of my butt?",1,BLACK
"When I was tripping on acid, ______ turned into ______.",2,BLACK
"When I'm in prison, I'll have ______ smuggled in.",1,BLACK
"When Pharaoh remained unmoved, Moses called down a Plague of ______.",1,BLACK
"When you get right down to it, ______ is just ______.",2,BLACK
"While the United States raced the Soviet Union to the moon, the Mexican government funneled millions of pesos into research on ______.",1,BLACK
White people like ______.,1,BLACK
Who stole the cookies from the cookie jar?,1,BLACK
Why am I sticky?,1,BLACK
Why can't I sleep at night?,1,BLACK
Why do I hurt all over?,1,BLACK
"With enough time and pressure, ______ will turn into ______.",2,BLACK
"Your persistence is admirable, my dear Prince. But you cannot win my heart with ______ alone.",1,BLACK
"""Tweeting.""",,WHITE
(I am doing Kegels right now.),,WHITE
"10,000 Syrian refugees.",,WHITE
100% Pure New Zealand.,,WHITE
2 Girls 1 Cup.,,WHITE
400 years of colonial atrocities.,,WHITE
50 mg of Zoloft daily.,,WHITE
"50,000 volts straight to the nipples.",,WHITE
72 virgins.,,WHITE
8 oz. of sweet Mexican black-tar heroin.,,WHITE
A bag of magic beans.,,WHITE
A balanced breakfast.,,WHITE
"A ball of earwax, semen, and toenail clippings.",,WHITE
A big black dick.,,WHITE
A big hoopla about nothing.,,WHITE
A bird that shits human turds.,,WHITE
A bit of slap and tickle.,,WHITE
A bitch slap.,,WHITE
A bleached arsehole.,,WHITE
A bleached asshole.,,WHITE
A Bop It™.,,WHITE
A bowl of mayonnaise and human teeth.,,WHITE
A brain tumor.,,WHITE
A brain tumour.,,WHITE
A bucket of fish heads.,,WHITE
A can of whoop-ass.,,WHITE
A caress of the inner thigh.,,WHITE
"A cartoon camel enjoying the smooth, refreshing taste of a cigarette.",,WHITE
A cat video so cute that your eyes roll back and your spine slides out of your anus.,,WHITE
A Chelsea smile. ,,WHITE
A Chinese tourist who wants something very badly but cannot communicate it.,,WHITE
A clandestine butt scratch.,,WHITE
A cooler full of organs.,,WHITE
A cop who is also a dog.,,WHITE
A crucifixion.,,WHITE
"A cute, fuzzy koala, but it has chlamydia.",,WHITE
A death ray.,,WHITE
A decent fucking Internet connection.,,WHITE
A defective condom.,,WHITE
A despondent Maple Leafs fan sitting all alone.,,WHITE
A didgeridildo.,,WHITE
A disappointing birthday party.,,WHITE
A drive-by shooting.,,WHITE
A fair go.,,WHITE
A falcon with a cap on its head.,,WHITE
A fanny fart.,,WHITE
A fart so powerful that it wakes the giants from their thousand-year slumber.,,WHITE
A fat bald man from the internet.,,WHITE
A fetus.,,WHITE
A five-litre goon bag.,,WHITE
A Fleshlight.,,WHITE
A Fleshlight®.,,WHITE
A foetus.,,WHITE
A foul mouth.,,WHITE
A fuck-ton of almonds.,,WHITE
A fuck-tonne of almonds.,,WHITE
A gassy antelope.,,WHITE
A gentle caress of the inner thigh.,,WHITE
A ginger's freckled ballsack.,,WHITE
A good sniff.,,WHITE
"A good, strong gorilla.",,WHITE
A gossamer stream of jizz that catches the light as it arcs through the morning air.,,WHITE
A grande sugar-free iced soy caramel macchiato.,,WHITE
A Gypsy curse.,,WHITE
A hairless little shitstain named Callou.,,WHITE
A Halal Snack Pack.,,WHITE
A hen night in Slough.,,WHITE
A homoerotic volleyball montage.,,WHITE
A horde of Vikings.,,WHITE
A hot mess.,,WHITE
A Japanese toaster you can fuck.,,WHITE
A Japanese whaling operation.,,WHITE
A LAN party.,,WHITE
A lifetime of sadness.,,WHITE
A literal tornado of fire.,,WHITE
A little boy who won't shut the fuck up about dinosaurs.,,WHITE
A live studio audience.,,WHITE
A look-see.,,WHITE
A low standard of living.,,WHITE
A mad cow.,,WHITE
A madman who lives in a police box and kidnaps women.,,WHITE
A man in yoga pants with a ponytail and feather earrings.,,WHITE
A man on the brink of orgasm.,,WHITE
A mating display.,,WHITE
A Mexican.,,WHITE
A micropenis.,,WHITE
A micropig wearing a tiny raincoat and booties.,,WHITE
A middle-aged man on roller skates.,,WHITE
A mime having a stroke.,,WHITE
A moment of silence.,,WHITE
A monkey smoking a cigar.,,WHITE
A mopey zoo lion.,,WHITE
A much younger woman.,,WHITE
A murder most foul.,,WHITE
A neglected Tamagotchi™.,,WHITE
A nice cup of tea.,,WHITE
A pangender octopus who roams the cosmos in search of love.,,WHITE
A piñata full of scorpions.,,WHITE
A posh wank.,,WHITE
A PowerPoint presentation.,,WHITE
A pyramid of severed heads.,,WHITE
A really cool hat.,,WHITE
A robust mongoloid.,,WHITE
A sad fat dragon with no friends.,,WHITE
A sad handjob.,,WHITE
A salad for men that's made of metal.,,WHITE
A salty surprise.,,WHITE
A sassy black woman.,,WHITE
A sausage festival.,,WHITE
A saxophone solo.,,WHITE
A sea of troubles.,,WHITE
A shark!,,WHITE
A sick burnout.,,WHITE
A sick wombat.,,WHITE
A sickly child-king.,,WHITE
A six-point plan to stop the boats.,,WHITE
A slab of VB and a pack of durries.,,WHITE
A slightly shittier parallel universe.,,WHITE
A snapping turtle biting the tip of your penis.,,WHITE
A sober Irishman who doesn't care for potatoes.,,WHITE
A soggy Sao.,,WHITE
A spastic nerd.,,WHITE
A stingray barb through the chest.,,WHITE
A stray pube.,,WHITE
A subscription to Men's Fitness.,,WHITE
A Super Soaker™ full of cat pee.,,WHITE
A surprising amount of hair.,,WHITE
A sweet spaceship.,,WHITE
A thermonuclear detonation.,,WHITE
A thousand Scottish warriors lifting their kilts in unison.,,WHITE
A three-way with my wife and Shaquille O'Neal.,,WHITE
A Tim Hortons franchise.,,WHITE
A time travel paradox.,,WHITE
A tiny horse.,,WHITE
"A tiny, gay guitar called a ukulele.",,WHITE
A tribe of warrior women.,,WHITE
A vagina that leads to another dimension.,,WHITE
A vajazzled vagina.,,WHITE
A vastly superior healthcare system.,,WHITE
A vindaloo poo.,,WHITE
A web of lies.,,WHITE
A wheelchair death race.,,WHITE
A white ethnostate.,,WHITE
A white van man.,,WHITE
A whole thing of butter.,,WHITE
A windmill full of corpses.,,WHITE
A wisecracking terrorist.,,WHITE
A zesty breakfast burrito.,,WHITE
Aaron Burr.,,WHITE
Abstinence.,,WHITE
Academy Award winner Meryl Streep.,,WHITE
Accepting the way things are.,,WHITE
Accidentally slipping yourself a roofie.,,WHITE
Active listening.,,WHITE
"Actually getting shot, for real.",,WHITE
Actually taking candy from a baby.,,WHITE
Adderall™.,,WHITE
Adult Friendfinder.,,WHITE
"Advice from a wise, old black man.",,WHITE
African children.,,WHITE
Agriculture.,,WHITE
AIDS.,,WHITE
Alcohol poisoning.,,WHITE
Alcoholism.,,WHITE
Alexandria Ocasio-Cortez.,,WHITE
All four prongs of an echidna's penis.,,WHITE
All my friends dying.,,WHITE
All of this blood.,,WHITE
All the dudes I've fucked.,,WHITE
All-you-can-eat shrimp for $4.99.,,WHITE
All-you-can-eat shrimp for $8.99.,,WHITE
Altar boys.,,WHITE
America.,,WHITE
American Gladiators.,,WHITE
Americanization.,,WHITE
Amputees.,,WHITE
An AK-47 assault rifle.,,WHITE
An AK-47.,,WHITE
An AR-15 assault rifle.,,WHITE
An argument with Richard Dawkins.,,WHITE
An army of skeletons.,,WHITE
An ass disaster.,,WHITE
An asymmetric boob job.,,WHITE
An endless stream of diarrhea.,,WHITE
An endless stream of diarrhoea.,,WHITE
An entrenched class system.,,WHITE
An erection that lasts longer than four hours.,,WHITE
An Evening with Michael Buble.,,WHITE
An evil man in evil clothes.,,WHITE
An honest cop with nothing left to lose.,,WHITE
An icepick lobotomy.,,WHITE
An icy handjob from an Edmonton hooker.,,WHITE
An M. Night Shyamalan plot twist.,,WHITE
An M16 assault rifle.,,WHITE
An octopus giving seven handjobs and smoking a cigarette.,,WHITE
An Oedipus complex.,,WHITE
An old guy who's almost dead.,,WHITE
An older woman who knows her way around the penis.,,WHITE
An oversized lollipop.,,WHITE
An ugly face.,,WHITE
An unstoppable wave of fire ants.,,WHITE
An unwanted pregnancy.,,WHITE
An uppercut.,,WHITE
Anal beads.,,WHITE
Announcing that I am about to cum.,,WHITE
Another goddamn vampire movie.,,WHITE
Another shot of morphine.,,WHITE
Anything that comes out of Prince Philip's mouth.,,WHITE
Apologizing.,,WHITE
Arnold Schwarzenegger.,,WHITE
Asians who aren't good at math.,,WHITE
Assless chaps.,,WHITE
Attitude.,,WHITE
Auschwitz.,,WHITE
Australia.,,WHITE
Authentic Mexican cuisine.,,WHITE
Autocannibalism.,,WHITE
AXE Body Spray.,,WHITE
Badger culling.,,WHITE
Ball-by-ball commentary from Richie Benaud.,,WHITE
Balls.,,WHITE
Bananas in Pajamas.,,WHITE
Bananas.,,WHITE
Barack Obama.,,WHITE
"Barely making $25,000 a year.",,WHITE
Basic human decency.,,WHITE
BATMAN!,,WHITE
BATMAN!!!,,WHITE
Battlefield amputations.,,WHITE
Becoming a blueberry.,,WHITE
Bees?,,WHITE
Being a busy adult with many important things to do.,,WHITE
Being a dick to children.,,WHITE
Being a dinosaur.,,WHITE
Being a hideous beast that no one could love.,,WHITE
Being a motherfucking sorcerer.,,WHITE
Being a woman.,,WHITE
Being able to talk to elephants.,,WHITE
Being awesome at sex.,,WHITE
Being black.,,WHITE
Being Canadian.,,WHITE
Being fabulous.,,WHITE
Being fat and stupid.,,WHITE
Being hunted like a fox.,,WHITE
Being marginalised.,,WHITE
Being marginalized.,,WHITE
Being on fire.,,WHITE
Being rich.,,WHITE
Being white.,,WHITE
Benedict Cumberbatch.,,WHITE
Bestiality.,,WHITE
Bill Nye the Science Guy.,,WHITE
Bingeing and purging.,,WHITE
Bio-engineered assault turtles with acid breath.,,WHITE
Bisexuality.,,WHITE
Bitches.,,WHITE
Black people.,,WHITE
Bling.,,WHITE
Blood farts.,,WHITE
"Blood, toil, tears, and sweat.",,WHITE
Blowing my boyfriend so hard he shits.,,WHITE
Blowing up Parliament.,,WHITE
"Boat people; half boat, half human.",,WHITE
Bogies.,,WHITE
"Bond, James Bond.",,WHITE
Bono.,,WHITE
Booby-trapping the house to foil burglars.,,WHITE
Boogers.,,WHITE
Bosnian chicken farmers.,,WHITE
Braiding three penises into a Curly Wurly.,,WHITE
Braiding three penises into a licorice twist.,,WHITE
Braiding three penises into a Twizzler.,,WHITE
Breaking out into song and dance.,,WHITE
Brexit.,,WHITE
Britney Spears at 55.,,WHITE
Brown people.,,WHITE
Bubble butt bottom boys.,,WHITE
Buckfast Tonic Wine.,,WHITE
Bullshit.,,WHITE
Burning down the White House.,,WHITE
Buying the right pants to be cool.,,WHITE
Canada: America's Hat.,,WHITE
Canadian Netflix.,,WHITE
Canned tuna with extra dolphin.,,WHITE
Capturing Newt Gingrich and forcing him to dance in a monkey suit.,,WHITE
Cardi B.,,WHITE
Cards Against Humanity.,,WHITE
Cashed-up bogans.,,WHITE
Casually suggesting a threesome.,,WHITE
Catapults.,,WHITE
Centaurs.,,WHITE
Chainsaws for hands.,,WHITE
Charisma.,,WHITE
Cheating in the Paralympics.,,WHITE
Cheating in the Special Olympics.,,WHITE
Cheeky bum sex.,,WHITE
Chemical weapons.,,WHITE
Child abuse.,,WHITE
Child beauty pageants.,,WHITE
Children on leashes.,,WHITE
Chivalry.,,WHITE
Christopher Walken.,,WHITE
Chundering into a kangaroo's pouch.,,WHITE
Chunks of dead backpacker.,,WHITE
Chunks of dead hitchhiker.,,WHITE
Chunks of dead prostitute.,,WHITE
Chutzpah.,,WHITE
Civilian casualties.,,WHITE
Classist undertones.,,WHITE
"Clive Palmer's soft, shitty body.",,WHITE
Clubbing baby seals.,,WHITE
Coat hanger abortions.,,WHITE
Cock.,,WHITE
Cockfights.,,WHITE
College.,,WHITE
Committing suicide.,,WHITE
Completely unwarranted confidence.,,WHITE
Concealing a boner.,,WHITE
Concealing an erection.,,WHITE
Consensual sex.,,WHITE
Consultants.,,WHITE
Contagious face cancer.,,WHITE
Converting to Islam.,,WHITE
Cookie Monster devouring the Eucharist wafers.,,WHITE
Copping a feel.,,WHITE
Cottaging.,,WHITE
Count Chocula.,,WHITE
Court-ordered rehab.,,WHITE
Covering myself with Parmesan cheese and chili flakes because I am pizza.,,WHITE
Crazy hot cousin sex.,,WHITE
Creed.,,WHITE
Crippling debt.,,WHITE
Crucifixion.,,WHITE
Crumbs all over the bloody carpet.,,WHITE
Crumbs all over the god damn carpet.,,WHITE
Crumpets with the Queen.,,WHITE
Crystal meth.,,WHITE
Cuddling.,,WHITE
Cumming deep inside my best bro.,,WHITE
Customer service representatives.,,WHITE
Cybernetic enhancements.,,WHITE
Dad's funny balls.,,WHITE
Daddies Brown Sauce,,WHITE
Daddies® Brown Sauce.,,WHITE
Daddy issues.,,WHITE
Daddy's belt.,,WHITE
Daniel Radcliffe's delicious arsehole.,,WHITE
Daniel Radcliffe's delicious asshole.,,WHITE
Danny DeVito.,,WHITE
Dark and mysterious forces beyond our control.,,WHITE
Darth Vader.,,WHITE
Date rape.,,WHITE
Dave Matthews Band.,,WHITE
David Bowie flying in on a tiger made of lightning.,,WHITE
David Cameron.,,WHITE
Dead babies.,,WHITE
Dead birds everywhere.,,WHITE
Dead parents.,,WHITE
Deflowering the princess.,,WHITE
Dental dams.,,WHITE
Denying climate change.,,WHITE
Destroying the evidence.,,WHITE
Dick Cheney.,,WHITE
Dick fingers.,,WHITE
Dick pics.,,WHITE
Dining with cardboard cutouts of the cast of Friends.,,WHITE
Dirty nappies.,,WHITE
Disco fever.,,WHITE
Diversity.,,WHITE
Dogging.,,WHITE
Doin' it in the butt.,,WHITE
Doin' it up the bum.,,WHITE
Doing a shit in Pudsey Bear's eyehole.,,WHITE
Doing crimes.,,WHITE
Doing it in the butt.,,WHITE
Doing the right thing.,,WHITE
Domino's™ Oreo™ Dessert Pizza.,,WHITE
Don Cherry's wardrobe.,,WHITE
Donald J. Trump.,,WHITE
Donald Trump.,,WHITE
Double penetration.,,WHITE
Douchebags on their iPhones.,,WHITE
"Dr. Martin Luther King, Jr.",,WHITE
Drinking alone.,,WHITE
Drinking out of the toilet and eating garbage.,,WHITE
Drinking out of the toilet and eating rubbish.,,WHITE
Dropping a baby down the dunny.,,WHITE
Dropping a chandelier on your enemies and riding the rope up.,,WHITE
Drowning the kids in the bathtub.,,WHITE
Druids.,,WHITE
Drum circles.,,WHITE
Dry heaving.,,WHITE
Dwarf tossing.,,WHITE
"Dwayne ""The Rock"" Johnson.",,WHITE
Dying alone and in pain.,,WHITE
Dying of dysentery.,,WHITE
Dying.,,WHITE
Eastern European Turbo-Folk music.,,WHITE
Eating a hard boiled egg out of my husband's arsehole.,,WHITE
Eating a hard boiled egg out of my husband's asshole.,,WHITE
Eating all of the cookies before the AIDS bake-sale.,,WHITE
Eating an albino.,,WHITE
Eating the last known bison.,,WHITE
Eating too much of a lamp.,,WHITE
Ecstasy.,,WHITE
Ed Balls.,,WHITE
Edible underpants.,,WHITE
Edible underwear.,,WHITE
Egging an MP.,,WHITE
Elderly Japanese men.,,WHITE
Electricity.,,WHITE
Embryonic stem cells.,,WHITE
Emerging from the sea and rampaging through Tokyo.,,WHITE
Emma Watson.,,WHITE
Emotions.,,WHITE
England.,,WHITE
Erectile dysfunction.,,WHITE
Establishing dominance.,,WHITE
Estrogen.,,WHITE
Ethnic cleansing.,,WHITE
Eugenics.,,WHITE
Euphoria™ by Calvin Klein.,,WHITE
Exactly what you'd expect.,,WHITE
Excalibur.,,WHITE
Exchanging pleasantries.,,WHITE
Executing a hostage every hour.,,WHITE
Existentialists.,,WHITE
Existing.,,WHITE
Expecting a burp and vomiting on the floor.,,WHITE
Explaining how vaginas work.,,WHITE
Explosions.,,WHITE
Extremely tight jeans.,,WHITE
Extremely tight pants.,,WHITE
Extremely tight trousers.,,WHITE
Facebook.,,WHITE
Fading away into nothingness.,,WHITE
Faffing about.,,WHITE
Faith healing.,,WHITE
Fake tits.,,WHITE
FALCON PUNCH!!!,,WHITE
Famine.,,WHITE
Fancy Feast®.,,WHITE
Farting and walking away.,,WHITE
Farting into your petticoats and wafting it at Lord Gregory.,,WHITE
Fear itself.,,WHITE
Feeding Rosie O'Donnell.,,WHITE
Fellowship in Christ.,,WHITE
Fiery poops.,,WHITE
Fiery poos.,,WHITE
Figgy pudding.,,WHITE
Filling my briefcase with business stuff.,,WHITE
Filling my son with spaghetti.,,WHITE
Filling Sean Hannity with helium and watching him float away.,,WHITE
Finger painting.,,WHITE
Fingering.,,WHITE
Firing a rifle into the air while balls deep in a squealing hog.,,WHITE
Fisting.,,WHITE
Five litres of Special Brew.,,WHITE
Five-Dollar Footlongs™.,,WHITE
Flash flooding.,,WHITE
Flavored condoms.,,WHITE
Flesh-eating bacteria.,,WHITE
Flightless birds.,,WHITE
Flying robots that kill people.,,WHITE
Flying sex snakes.,,WHITE
Forced sterilisation.,,WHITE
Forced sterilization.,,WHITE
Foreskin.,,WHITE
Forgetting the Alamo.,,WHITE
Former President George W. Bush.,,WHITE
Four Loko.,,WHITE
Fox News.,,WHITE
Fragile masculinity.,,WHITE
Free samples.,,WHITE
Friction.,,WHITE
Friendly fire.,,WHITE
Friends who eat all the snacks.,,WHITE
Friends who eat all your snacks.,,WHITE
Friends with benefits.,,WHITE
Frolicking.,,WHITE
Front butt.,,WHITE
Fucking my sister.,,WHITE
Fucking the weatherman on live television.,,WHITE
Full frontal nudity.,,WHITE
Funky fresh rhymes.,,WHITE
Gandalf.,,WHITE
Gandhi.,,WHITE
Garth Brooks.,,WHITE
Gary Coleman.,,WHITE
Gary Glitter.,,WHITE
Gay aliens.,,WHITE
Gay conversion therapy.,,WHITE
Geese.,,WHITE
Genetically engineered super-soldiers.,,WHITE
Genghis Khan.,,WHITE
Genital piercings.,,WHITE
Gentleman's Relish®.,,WHITE
Genuine human connection.,,WHITE
German Chancellor Angela Merkel.,,WHITE
German dungeon porn.,,WHITE
Germans on holiday.,,WHITE
Getting a DUI on a Zamboni.,,WHITE
Getting crushed by a vending machine.,,WHITE
Getting cummed on.,,WHITE
Getting drugs off the street and into my body.,,WHITE
Getting drunk on mouthwash.,,WHITE
Getting fingered.,,WHITE
Getting into a pretty bad car accident.,,WHITE
"Getting married, having a few kids, buying some stuff, retiring to Florida, and dying.",,WHITE
"Getting married, having a few kids, buying some stuff, retiring to Queensland, and dying.",,WHITE
"Getting married, having a few kids, buying some stuff, retiring to the south of France, and dying.",,WHITE
Getting naked and watching CBeebies.,,WHITE
Getting naked and watching Nickelodeon.,,WHITE
Getting naked and watching Play School.,,WHITE
Getting pregnant again.,,WHITE
Getting really high.,,WHITE
Getting so angry that you pop a boner.,,WHITE
Getting so angry that you pop a stiffy.,,WHITE
"Getting wed, having a few kids, taking some pictures, retiring to the south of France, and dying.",,WHITE
Ghosts.,,WHITE
Girls who shouldn't go wild.,,WHITE
Girls.,,WHITE
Giving 110%.,,WHITE
Giving birth to the Antichrist.,,WHITE
Gladiatorial combat.,,WHITE
Glassing a wanker.,,WHITE
Glenn Beck being harried by a swarm of buzzards.,,WHITE
Glenn Beck catching his scrotum on a curtain hook.,,WHITE
Glenn Beck convulsively vomiting as a brood of crab spiders hatches in his brain and erupts from his tear ducts.,,WHITE
Glenn Beck.,,WHITE
Global warming.,,WHITE
Gloryholes.,,WHITE
Goats eating cans.,,WHITE
Goblins.,,WHITE
God.,,WHITE
GoGurt®.,,WHITE
Going an entire day without masturbating.,,WHITE
Going around punching people.,,WHITE
Golden showers.,,WHITE
"Good-natured, fun-loving Aussie racism.",,WHITE
Grandma.,,WHITE
Grandpa's ashes.,,WHITE
"Graphic violence, adult language, and some sexual content.",,WHITE
Grave robbing.,,WHITE
Growing a pair.,,WHITE
Guys who don't call.,,WHITE
Haggis.,,WHITE
Half a kilo of pure China White heroin.,,WHITE
Half-assed foreplay.,,WHITE
Harry Potter erotica.,,WHITE
Have some more kugel.,,WHITE
Having a Golden Gaytime.,,WHITE
Having a penis.,,WHITE
Having a shag in the back of a ute.,,WHITE
Having anuses for eyes.,,WHITE
Having big dreams but no realistic way to achieve them.,,WHITE
Having sex for the first time.,,WHITE
Having sex on top of a pizza.,,WHITE
Having sex with every man in Winnipeg.,,WHITE
Having shotguns for legs.,,WHITE
Heartwarming orphans.,,WHITE
Heath Ledger.,,WHITE
Helplessly giggling at the mention of Hutus and Tutsis.,,WHITE
"Her Majesty, Queen Elizabeth II.",,WHITE
"Her Royal Highness, Queen Elizabeth II.",,WHITE
Heritage minutes.,,WHITE
Heritage minutes.,,WHITE
Heroin.,,WHITE
Heteronormativity.,,WHITE
Hillary Clinton's emails.,,WHITE
Hip hop jewels.,,WHITE
Hipsters.,,WHITE
Historically black colleges.,,WHITE
Hobos.,,WHITE
Holding down a child and farting all over him.,,WHITE
Home video of Oprah sobbing into a Lean Cuisine®.,,WHITE
Homeless people.,,WHITE
Homo milk.,,WHITE
Hooning.,,WHITE
Hope.,,WHITE
Hormone injections.,,WHITE
Horrifying laser hair removal accidents.,,WHITE
Horse meat.,,WHITE
Hospice care.,,WHITE
Hot cheese.,,WHITE
Hot people.,,WHITE
Hot Pockets®.,,WHITE
How amazing it is to be on mushrooms.,,WHITE
How awesome it is to be white.,,WHITE
How bad my daughter fucked up her dance recital.,,WHITE
How far I can get my own penis up my butt.,,WHITE
How wet my pussy is.,,WHITE
However much weed $20 can buy.,,WHITE
However much weed £20 can buy.,,WHITE
Huffing spray paint.,,WHITE
Huge biceps.,,WHITE
Hulk Hogan.,,WHITE
"Hunting ""accidents"".",,WHITE
Hunting accidents.,,WHITE
Hurling one's body down a hill in pursuit of a wheel of cheese.,,WHITE
Hurricane Katrina.,,WHITE
Hurting those closest to me.,,WHITE
I'm friends with your dad on Facebook.,,WHITE
Ice.,,WHITE
Illegal immigrants.,,WHITE
Impotence.,,WHITE
Improvised explosive devices.,,WHITE
Inappropriate yodeling.,,WHITE
Incest.,,WHITE
Indescribable loneliness.,,WHITE
Inserting a jam jar into my anus.,,WHITE
Inserting a Mason jar into my anus.,,WHITE
Intelligent design.,,WHITE
Intimacy problems.,,WHITE
Invading Poland.,,WHITE
Irritable Bowel Syndrome.,,WHITE
Italians.,,WHITE
Itchy pussy.,,WHITE
J.D. Power and his associates.,,WHITE
Jade Goody's cancerous remains.,,WHITE
Jedward.,,WHITE
Jehovah's Witnesses.,,WHITE
Jennifer Lawrence.,,WHITE
Jerking off into a pool of children's tears.,,WHITE
Jesus.,,WHITE
Jew-fros.,,WHITE
Jewish fraternities.,,WHITE
"Jews, gypsies, and homosexuals.",,WHITE
Jibber-jabber.,,WHITE
Jimmy Savile.,,WHITE
Jobs.,,WHITE
Joe Biden.,,WHITE
John Howard's eyebrows.,,WHITE
John Wilkes Booth.,,WHITE
Judge Judy.,,WHITE
Judging everyone.,,WHITE
Just touching David Beckham's hair.,,WHITE
Justin Bieber.,,WHITE
Justin Trudeau.,,WHITE
Juuling.,,WHITE
Kamikaze pilots.,,WHITE
Kanye West.,,WHITE
Keanu Reeves.,,WHITE
Keeping Christ in Christmas.,,WHITE
Keg stands.,,WHITE
Kibbles 'n Bits™.,,WHITE
Kibbles n' Bits.,,WHITE
Kids with ass cancer.,,WHITE
Kids with bum cancer.,,WHITE
Kim Jong-il.,,WHITE
Kim Jong-un.,,WHITE
Kissing grandma on the forehead and turning off her life support.,,WHITE
Kissing nan on the forehead and turning off her life support.,,WHITE
Knife crime.,,WHITE
"Kourtney, Kim, Khloe, Kendall, and Kylie.",,WHITE
Lactation.,,WHITE
Lads.,,WHITE
Lady Gaga.,,WHITE
Lance Armstrong's missing testicle.,,WHITE
Land mines.,,WHITE
Laying an egg.,,WHITE
Leaked footage of Kate Middleton's colonoscopy.,,WHITE
Leaving an awkward voicemail.,,WHITE
Lena Dunham.,,WHITE
Leprosy.,,WHITE
Letting everyone down.,,WHITE
Letting yourself go.,,WHITE
Leveling up.,,WHITE
Liberals.,,WHITE
Licking things to claim them as your own.,,WHITE
Listening to her problems without trying to solve them.,,WHITE
Literally eating shit.,,WHITE
Little boy penises.,,WHITE
Living in a trash can.,,WHITE
Living in Yellowknife.,,WHITE
Lockjaw.,,WHITE
"Loki, the trickster god.",,WHITE
"Looking in the mirror, applying lipstick, and whispering ""tonight, you will have sex with Tom Cruise.""",,WHITE
Loose lips.,,WHITE
Lumberjack fantasies.,,WHITE
Lunchables™.,,WHITE
LYNX® Body Spray.,,WHITE
Mad cow disease.,,WHITE
Madeleine McCann.,,WHITE
Magnets.,,WHITE
Making a friend.,,WHITE
Making a pouty face.,,WHITE
Making sex at her.,,WHITE
Making the penises kiss.,,WHITE
Making up for centuries of oppression with one day of apologising.,,WHITE
Man meat.,,WHITE
Mansplaining.,,WHITE
Many bats.,,WHITE
Marky Mark and the Funky Bunch.,,WHITE
Martha Stewart.,,WHITE
"Massive, widespread drought.",,WHITE
Masturbating.,,WHITE
Masturbation.,,WHITE
Mathletes.,,WHITE
"Maureen of Blackpool, Reader's Wife of the Year 1988.",,WHITE
Me time.,,WHITE
Me.,,WHITE
MechaHitler.,,WHITE
Memes.,,WHITE
Men discussing their feelings in an emotionally healthy way.,,WHITE
Men.,,WHITE
Menstrual rage.,,WHITE
Menstruation.,,WHITE
Meth.,,WHITE
Michael Jackson.,,WHITE
Michelle Obama's arms.,,WHITE
Mike Pence.,,WHITE
Mild autism.,,WHITE
Miley Cyrus at 55.,,WHITE
Miley Cyrus.,,WHITE
Millions of cane toads.,,WHITE
Millwall fans.,,WHITE
Mining accidents.,,WHITE
Mistaking a retarded person for someone who's merely deaf.,,WHITE
Mom.,,WHITE
Mooing.,,WHITE
Moral ambiguity.,,WHITE
More elephant cock than I bargained for.,,WHITE
Morgan Freeman's voice.,,WHITE
Mountain Dew Code Red.,,WHITE
Mouth herpes.,,WHITE
"Mr. Clean, right behind you.",,WHITE
Mr. Dressup.,,WHITE
Mr. Dressup.,,WHITE
Mr. Snuffleupagus.,,WHITE
"Mr. Squiggle, the Man from the Moon.",,WHITE
Muhammad (Peace Be Upon Him).,,WHITE
Muhammad (Praise Be Unto Him).,,WHITE
Multiple orgasms.,,WHITE
Multiple stab wounds.,,WHITE
Murder.,,WHITE
Mutually assured destruction.,,WHITE
Mutually-assured destruction.,,WHITE
Muzzy.,,WHITE
My abusive boyfriend who really isn't so bad once you get to know him.,,WHITE
My balls on your face.,,WHITE
My black ass.,,WHITE
My bright pink fuckhole.,,WHITE
My cheating prick of a husband.,,WHITE
My cheating son-of-a-bitch husband.,,WHITE
My collection of high-tech sex toys.,,WHITE
My collection of Japanese sex toys.,,WHITE
My ex-wife.,,WHITE
My fat daughter.,,WHITE
"My father, who died when I was seven.",,WHITE
My first kill.,,WHITE
My genitals.,,WHITE
My good bra.,,WHITE
My humps.,,WHITE
My inner demons.,,WHITE
My little boner.,,WHITE
My machete.,,WHITE
My mate Dave.,,WHITE
"My neck, my back, my pussy, and my crack.",,WHITE
My relationship status.,,WHITE
My sex life.,,WHITE
My soul.,,WHITE
"My Uber driver, Pavel.",,WHITE
My ugly face and bad personality.,,WHITE
My vagina.,,WHITE
Nachos for the table.,,WHITE
Naked News.,,WHITE
Natalie Portman.,,WHITE
Natural male enhancement.,,WHITE
Natural selection.,,WHITE
Nazis.,,WHITE
NBA superstar LeBron James.,,WHITE
Necrophilia.,,WHITE
New Age music.,,WHITE
Newfies.,,WHITE
Newfies.,,WHITE
Nickelback.,,WHITE
Nicolas Cage.,,WHITE
Nip slips.,,WHITE
Nippers.,,WHITE
Nipple blades.,,WHITE
Nocturnal emissions.,,WHITE
Not contributing to society in any meaningful way.,,WHITE
Not giving a shit about the Third World.,,WHITE
Not having sex.,,WHITE
Not reciprocating oral sex.,,WHITE
Not vaccinating my children because I am stupid.,,WHITE
Not wearing pants.,,WHITE
Not wearing trousers.,,WHITE
Nothing but sand.,,WHITE
Nothing.,,WHITE
Nunchuck moves.,,WHITE
Obesity.,,WHITE
Object permanence.,,WHITE
Oestrogen.,,WHITE
Old-people smell.,,WHITE
Ominous background music.,,WHITE
"One Direction's supple, hairless bodies.",,WHITE
One Ring to rule them all.,,WHITE
One titty hanging out.,,WHITE
One trillion dollars.,,WHITE
Only dating Asian women.,,WHITE
Oompa-Loompas.,,WHITE
Opposable thumbs.,,WHITE
Oprah.,,WHITE
Our first chimpanzee President.,,WHITE
Our first chimpanzee Prime Minister.,,WHITE
Overcompensation.,,WHITE
Overpowering your father.,,WHITE
Oversized lollipops.,,WHITE
Owning and operating a Chili's franchise.,,WHITE
Pabst Blue Ribbon.,,WHITE
Pac-Man uncontrollably guzzling cum.,,WHITE
Paedophiles.,,WHITE
Panda sex.,,WHITE
Paris Hilton.,,WHITE
Parting the Red Sea.,,WHITE
Party poopers.,,WHITE
Passable transvestites.,,WHITE
Passing a kidney stone.,,WHITE
Passive-aggression.,,WHITE
Passive-aggressive Post-it notes.,,WHITE
Pauline Hanson.,,WHITE
PCP.,,WHITE
Peanut Butter Jelly Time.,,WHITE
Pedophiles.,,WHITE
Peeing a little bit.,,WHITE
Penis breath.,,WHITE
Penis envy.,,WHITE
People who smell their own socks.,,WHITE
Perfunctory foreplay.,,WHITE
Permanent Orgasm-Face Disorder.,,WHITE
Picking up girls at the abortion clinic.,,WHITE
Pictures of boobs.,,WHITE
Pikies.,,WHITE
Pingers.,,WHITE
Pixelated bukkake.,,WHITE
Playing silly buggers.,,WHITE
Police brutality.,,WHITE
Polish People.,,WHITE
Pooping back and forth. Forever.,,WHITE
Pooping in a laptop and closing it.,,WHITE
Pooping in the soup.,,WHITE
Poopy diapers.,,WHITE
Poor life choices.,,WHITE
Poor people.,,WHITE
Poorly-timed Holocaust jokes.,,WHITE
Popped collars.,,WHITE
Porn stars.,,WHITE
Poutine.,,WHITE
Poverty.,,WHITE
Power.,,WHITE
Powerful thighs.,,WHITE
Prancing.,,WHITE
Praying the gay away.,,WHITE
Prescription pain killers.,,WHITE
Preteens.,,WHITE
Pretending to care.,,WHITE
Profound respect and appreciation for indigenous culture.,,WHITE
Pronouncing the names of northern Welsh towns.,,WHITE
Prosti-tots.,,WHITE
Pterodactyl eggs.,,WHITE
PTSD.,,WHITE
Puberty.,,WHITE
Public ridicule.,,WHITE
Pulling out.,,WHITE
Pumping out a baby every nine months.,,WHITE
Punching a congressman in the face.,,WHITE
Punching an MP in the face.,,WHITE
Puppies!,,WHITE
Pussy Galore.,,WHITE
Putting things where they go.,,WHITE
Queefing.,,WHITE
Queen Elizabeth's immaculate anus.,,WHITE
Queuing.,,WHITE
Racially-biased SAT questions.,,WHITE
Racism.,,WHITE
Radical Islamic terrorism.,,WHITE
Rap music.,,WHITE
Raping and pillaging.,,WHITE
Raptor attacks.,,WHITE
Re-gifting.,,WHITE
Rectangles.,,WHITE
Rehab.,,WHITE
Repression.,,WHITE
Republicans.,,WHITE
Reverse cowgirl.,,WHITE
Rich people.,,WHITE
Riding off into the sunset.,,WHITE
Ring Pops.,,WHITE
Ring Pops™.,,WHITE
Rip Torn dropkicking anti-Semitic lesbians.,,WHITE
Ripping off the Beatles.,,WHITE
Ripping open a man’s chest and pulling out his still-beating heart.,,WHITE
Rising from the grave.,,WHITE
Road head.,,WHITE
Rob Ford.,,WHITE
Robbing a sperm bank.,,WHITE
Robert Downey Jr.,,WHITE
"Robert Downey, Jr.",,WHITE
RoboCop.,,WHITE
Rohypnol.,,WHITE
Ronald Reagan.,,WHITE
Roofies.,,WHITE
Rubbing Boris Johnson's belly until he falls asleep.,,WHITE
"Running naked through a mall, pissing and shitting everywhere.",,WHITE
Running out of semen.,,WHITE
Rupert Murdoch.,,WHITE
"Rush Limbaugh's soft, shitty body.",,WHITE
Ruth Bader Ginsburg brutally gaveling your penis.,,WHITE
Ryan Gosling riding in on a white horse.,,WHITE
Same-sex ice dancing.,,WHITE
Samuel L. Jackson.,,WHITE
Santa Claus.,,WHITE
Sarah Palin.,,WHITE
Saxophone solos.,,WHITE
"Saying ""I love you.""",,WHITE
Scalping the Milkybar Kid.,,WHITE
Scalping.,,WHITE
Schmirler the Curler.,,WHITE
Science.,,WHITE
Scientology.,,WHITE
Scousers.,,WHITE
Screaming like a maniac.,,WHITE
Scrotum tickling.,,WHITE
Scrubbing under the folds.,,WHITE
Sean Connery.,,WHITE
Sean Penn.,,WHITE
Seduction.,,WHITE
Seeing Grandma naked.,,WHITE
Seeing Granny naked.,,WHITE
Seeing my father cry.,,WHITE
Seeing what happens when you lock people in a room with hungry seagulls.,,WHITE
Seething with quiet resentment.,,WHITE
Self-flagellation.,,WHITE
Self-loathing.,,WHITE
Selling crack to children.,,WHITE
Selling ice to children.,,WHITE
Seppuku.,,WHITE
Serfdom.,,WHITE
Seven dead and three in critical condition.,,WHITE
Sex with animals.,,WHITE
Sex with Patrick Stewart.,,WHITE
Sexting.,,WHITE
Sexual humiliation.,,WHITE
Sexual peeing.,,WHITE
Sexual tension.,,WHITE
Sexy pillow fights.,,WHITE
Shaking a baby until it stops crying.,,WHITE
Shapeshifters.,,WHITE
Shaquille O'Neal's acting career.,,WHITE
Sharing needles.,,WHITE
Shiny objects.,,WHITE
Shipping convicts to Australia.,,WHITE
Shitting out a perfect Cumberland sausage.,,WHITE
Shitting out a screaming face.,,WHITE
Shorties and blunts.,,WHITE
Showing up to an orgy for the food.,,WHITE
Shutting the fuck up.,,WHITE
Shutting up so I can watch the game.,,WHITE
Shutting up so I can watch the match.,,WHITE
Sideboob.,,WHITE
Silence.,,WHITE
Sipping artificial popcorn butter.,,WHITE
Sitting on my face and telling me I'm garbage.,,WHITE
Sitting on my face.,,WHITE
Sitting on my face.,,WHITE
Skeletor.,,WHITE
Skippy the Bush Kangaroo.,,WHITE
Slapping a biscuit out of an orphan's mouth.,,WHITE
Slapping a racist old lady.,,WHITE
Slapping Nigel Farage over and over.,,WHITE
Slaughtering innocent civilians.,,WHITE
Slavs.,,WHITE
Smallpox blankets.,,WHITE
Smegma.,,WHITE
"Sneezing, farting, and cumming at the same time.",,WHITE
Sniffing and kissing my feet.,,WHITE
Sniffing glue.,,WHITE
Snotsicles.,,WHITE
Sobbing into a Hungry-Man™ Frozen Dinner.,,WHITE
"Soft, kissy missionary sex.",,WHITE
Soiling oneself.,,WHITE
Solving problems with violence.,,WHITE
Somali pirates.,,WHITE
Some bloody peace and quiet.,,WHITE
Some douche with an acoustic guitar.,,WHITE
"Some foundation, mascara, and a touch of blush.",,WHITE
Some god damn peace and quiet.,,WHITE
Some guy.,,WHITE
Some kind of bird man.,,WHITE
Some of the best rappers in the game.,,WHITE
Some punk kid who stole my turkey sandwich.,,WHITE
Some really fucked-up shit.,,WHITE
"Sorry, this content cannot be viewed in your region.",,WHITE
Soup that is too hot.,,WHITE
Spaghetti? Again?,,WHITE
Spaniards.,,WHITE
Spectacular abs.,,WHITE
Spending lots of money.,,WHITE
Sperm whales.,,WHITE
Spirit Airlines.,,WHITE
Spontaneous human combustion.,,WHITE
Stalin.,,WHITE
"Staring at a painting and going ""hmmmmmmm...""",,WHITE
Stephen Harper.,,WHITE
Stephen Harper.,,WHITE
Stephen Hawking talking dirty.,,WHITE
Steve Bannon.,,WHITE
Steve Irwin.,,WHITE
Stifling a giggle at the mention of Hutus and Tutsis.,,WHITE
Still being a virgin.,,WHITE
Stockholm Syndrome.,,WHITE
Stormtroopers.,,WHITE
Stranger danger.,,WHITE
Strong female characters.,,WHITE
Stunt doubles.,,WHITE
Substitute teachers.,,WHITE
Sucking some dicks to not get drafted.,,WHITE
Sudden Poop Explosion Disease.,,WHITE
Suicidal thoughts.,,WHITE
Summoning Harold Holt from the sea in a time of great need.,,WHITE
Sunshine and rainbows.,,WHITE
Surprise sex!,,WHITE
Swag.,,WHITE
"Sweet, sweet vengeance.",,WHITE
Switching to Geico®.,,WHITE
Swooping.,,WHITE
Synergistic management solutions.,,WHITE
Syrupy sex with a maple tree.,,WHITE
Take-backsies.,,WHITE
Taking a man's eyes and balls out and putting his eyes where his balls go and then his balls in the eye holes.,,WHITE
Taking a sheep-wife.,,WHITE
Taking off your shirt.,,WHITE
Tangled Slinkys.,,WHITE
Tap dancing like there's no tomorrow.,,WHITE
Tasteful sideboob.,,WHITE
Teaching a robot to love.,,WHITE
Team building exercises.,,WHITE
Team-building exercises.,,WHITE
Tearing that ass up like wrapping paper on Christmas morning.,,WHITE
Teenage pregnancy.,,WHITE
Telling a shitty story that goes nowhere.,,WHITE
Tentacle porn.,,WHITE
Terrorists.,,WHITE
Terry Fox's prosthetic leg.,,WHITE
Testicular torsion.,,WHITE
That ass.,,WHITE
That one gay Teletubby.,,WHITE
That thing that electrocutes your abs.,,WHITE
The American Dream.,,WHITE
The Amish.,,WHITE
The arrival of the pizza.,,WHITE
The art of seduction.,,WHITE
The baby that ruined my pussy.,,WHITE
The Bachelorette season finale.,,WHITE
The Big Bang.,,WHITE
The big fucking hole in the ozone layer.,,WHITE
The Black Death.,,WHITE
The Blood of Christ.,,WHITE
The bloody Welsh.,,WHITE
The BNP.,,WHITE
The bombing of Nagasaki.,,WHITE
The boners of the elderly.,,WHITE
The Boy Scouts of America.,,WHITE
The bush.,,WHITE
The Care Bear Stare.,,WHITE
The Chinese gymnastics team.,,WHITE
The chronic.,,WHITE
The clitoris.,,WHITE
"The cool, refreshing taste of Coca-Cola®.",,WHITE
"The cool, refreshing taste of Pepsi.",,WHITE
"The cool, refreshing taste of Pepsi®.",,WHITE
"The crazy, ball-slapping sex your parents are having right now.",,WHITE
The Daily Mail.,,WHITE
The Dalai Lama.,,WHITE
The Dance of the Sugar Plum Fairy.,,WHITE
The deformed.,,WHITE
The Devil Himself.,,WHITE
The Donald Trump Seal of Approval.™,,WHITE
The drama club.,,WHITE
The economy.,,WHITE
The EDL.,,WHITE
The end of days.,,WHITE
The entire cast of Downton Abbey.,,WHITE
The entire Internet.,,WHITE
The entire Mormon Tabernacle Choir.,,WHITE
The female orgasm.,,WHITE
The FLQ.,,WHITE
The flute.,,WHITE
The folly of man.,,WHITE
The forbidden fruit.,,WHITE
The Force.,,WHITE
The French.,,WHITE
The gays.,,WHITE
The glass ceiling.,,WHITE
The Great Depression.,,WHITE
The Great Emu War.,,WHITE
The Gulags.,,WHITE
The guys from Queer Eye.,,WHITE
The Hamburglar.,,WHITE
The hardworking Mexican.,,WHITE
The heart of a child.,,WHITE
The Hemsworth brothers.,,WHITE
The hiccups.,,WHITE
The Hillsborough Disaster.,,WHITE
The Holy Bible.,,WHITE
The homosexual agenda.,,WHITE
The homosexual lifestyle.,,WHITE
The Honey Monster.,,WHITE
The human body.,,WHITE
The Hustle.,,WHITE
The illusion of choice in a late-stage capitalist society.,,WHITE
The inevitable heat death of the universe.,,WHITE
The invisible hand.,,WHITE
The Jews.,,WHITE
The KKK.,,WHITE
The Kool-Aid Man.,,WHITE
The land of chocolate.,,WHITE
The light of a billion suns.,,WHITE
The Little Engine That Could.,,WHITE
The magic of live theatre.,,WHITE
The Make-A-Wish Foundation.,,WHITE
The Make-A-Wish® Foundation.,,WHITE
The milk man.,,WHITE
The milkman.,,WHITE
The miracle of childbirth.,,WHITE
The morbidly obese.,,WHITE
The North.,,WHITE
The Official Languages Act. La Loi sur les langues officielles.,,WHITE
The only gay person in a hundred kilometers.,,WHITE
The only gay person in a hundred miles.,,WHITE
The opioid epidemic.,,WHITE
The past.,,WHITE
The Patriarchy.,,WHITE
"The penny whistle solo from ""My Heart Will Go On.""",,WHITE
The People's Elbow.,,WHITE
The petty troubles of the landed gentry.,,WHITE
The pirate's life.,,WHITE
The placenta.,,WHITE
The plot of a Michael Bay movie.,,WHITE
The Pope.,,WHITE
The profoundly handicapped.,,WHITE
The prunes I've been saving for you in my armpits.,,WHITE
The Rapture.,,WHITE
The Red Hot Chili Peppers.,,WHITE
The Red Menace.,,WHITE
"The Rev. Dr. Martin Luther King, Jr.",,WHITE
The rhythms of Africa.,,WHITE
The Royal Canadian Mounted Police.,,WHITE
The Russians.,,WHITE
The Scouts.,,WHITE
The screams...the terrible screams.,,WHITE
The Smell of Primark.,,WHITE
The South.,,WHITE
The Stig.,,WHITE
The Strictly Come Dancing season finale.,,WHITE
The sudden appearance of the Go Compare man.,,WHITE
The Superdome.,,WHITE
The taint; the grundle; the fleshy fun-bridge.,,WHITE
The Tempur-Pedic® Swedish Sleep System™.,,WHITE
The terrorists.,,WHITE
The Thong Song.,,WHITE
The Three-Fifths compromise.,,WHITE
The Three-Fifths Compromise.,,WHITE
The token minority.,,WHITE
The total collapse of the global financial system.,,WHITE
The Trail of Tears.,,WHITE
The true meaning of Christmas.,,WHITE
The Übermensch.,,WHITE
The Underground Railroad.,,WHITE
The unstoppable tide of Islam.,,WHITE
The violation of our most basic human rights.,,WHITE
The Virginia Tech Massacre.,,WHITE
The way James Bond treats women.,,WHITE
The White Australia Policy.,,WHITE
The wifi password.,,WHITE
The wonders of the Orient.,,WHITE
The World of Warcraft.,,WHITE
The wrath of Vladimir Putin.,,WHITE
Therapy.,,WHITE
Theresa May.,,WHITE
These hoes.,,WHITE
Third base.,,WHITE
This answer is postmodern.,,WHITE
This month's mass shooting.,,WHITE
This year's mass shooting.,,WHITE
Those times when you get sand in your vagina.,,WHITE
Three dicks at the same time.,,WHITE
Throwing a virgin into a volcano.,,WHITE
Throwing grapes at a man until he loses touch with reality.,,WHITE
Tickle Me Elmo.,,WHITE
Tickle Me Elmo™.,,WHITE
"Tickling Sean Hannity, even after he tells you to stop.",,WHITE
Tiger Woods.,,WHITE
Tiny nipples.,,WHITE
Tom Cruise.,,WHITE
Tongue.,,WHITE
Toni Morrison's vagina.,,WHITE
Tony Abbott in budgie smugglers.,,WHITE
Too much hair gel.,,WHITE
Tories.,,WHITE
Total control of the media.,,WHITE
Touching a pug right on his penis.,,WHITE
Trench foot.,,WHITE
Tripping balls.,,WHITE
Tweeting.,,WHITE
Twenty tonnes of bat shit.,,WHITE
Twinkies®.,,WHITE
Two midgets shitting into a bucket.,,WHITE
Unfathomable stupidity.,,WHITE
Uppercuts.,,WHITE
Used knickers.,,WHITE
Used panties.,,WHITE
Vegemite™.,,WHITE
Vehicular homicide.,,WHITE
Vehicular manslaughter.,,WHITE
Viagra®.,,WHITE
Vigilante justice.,,WHITE
Vigorous jazz hands.,,WHITE
Vikings.,,WHITE
Vladimir Putin.,,WHITE
Vomiting into a kangaroo's pouch.,,WHITE
Vomiting mid-blowjob.,,WHITE
Vomiting seafood and bleeding anally.,,WHITE
Waiting 'til marriage.,,WHITE
Waiting till marriage.,,WHITE
Waking up half-naked in a Denny's parking lot.,,WHITE
Waking up half-naked in a Little Chef car park.,,WHITE
Waking up half-naked in a Macca's car park.,,WHITE
Waking up in Idris Elba's arms.,,WHITE
Walking in on Dad peeing into Mom's mouth.,,WHITE
Wanking into a pool of children's tears.,,WHITE
Waterboarding.,,WHITE
Weapons-grade plutonium.,,WHITE
Wearing an octopus for a hat.,,WHITE
Wearing underwear inside out to avoid doing laundry.,,WHITE
Wearing underwear inside-out to avoid doing laundry.,,WHITE
Wet dreams.,,WHITE
What that mouth do.,,WHITE
What's left of the Great Barrier Reef.,,WHITE
When you fart and a little bit comes out.,,WHITE
Whining like a little bitch.,,WHITE
Whipping it out.,,WHITE
Whiskas® Catmilk.,,WHITE
White people.,,WHITE
White power.,,WHITE
White power.,,WHITE
White privilege.,,WHITE
White-man scalps.,,WHITE
Whoever the Prime Minister is these days.,,WHITE
Wifely duties.,,WHITE
Will Smith.,,WHITE
William Shatner.,,WHITE
Winking at old people.,,WHITE
Wiping her bum.,,WHITE
Wiping her butt.,,WHITE
Wizard music.,,WHITE
Women in yoghurt adverts.,,WHITE
Women in yoghurt commercials.,,WHITE
Women in yogurt commercials.,,WHITE
Women of color.,,WHITE
Women of colour.,,WHITE
Women voting.,,WHITE
Women's suffrage.,,WHITE
Women's undies.,,WHITE
Wondering if it's possible to get some of that salsa to go.,,WHITE
Words.,,WHITE
World peace.,,WHITE
Worshipping that pussy.,,WHITE
Xenophobia.,,WHITE
Yeast.,,WHITE
YOU MUST CONSTRUCT ADDITIONAL PYLONS.,,WHITE
Your mum.,,WHITE
Your weird brother.,,WHITE